timestamp,load,ram_usage
87710505,0.42917,0.793989
88711489,0.440544,0.794124
89712522,0.430719,0.794124
90713505,0.427319,0.794124
91715312,0.422644,0.794124
92717694,0.431486,0.794124
93718475,0.424855,0.794124
94719643,0.429084,0.794124
95720440,0.431666,0.794124
96721800,0.426085,0.794124
97722499,0.424649,0.794124
98723975,0.433148,0.794124
99724611,0.42155,0.794124
100726005,0.418304,0.794124
101726507,0.427953,0.794124
102727690,0.426567,0.794124
103728524,0.424527,0.794124
104729536,0.425997,0.794124
105731630,0.422003,0.794124
106733269,0.424172,0.794124
107734707,0.429644,0.794124
108735547,0.429236,0.794124
109736440,0.431791,0.794124
110737851,0.426242,0.794124
111738440,0.428773,0.794124
112739786,0.431909,0.794124
113741410,0.415269,0.794124
114742469,0.427789,0.794124
115743618,0.426706,0.794124
116744470,0.425281,0.794124
117745629,0.425678,0.794124
118747407,0.421087,0.794124
119749237,0.434416,0.795398
120750475,0.42952,0.795868
121751440,0.431417,0.796002
122752440,0.467895,0.796002
123754008,0.481054,0.796002
124754505,0.487685,0.796136
125755475,0.482121,0.796136
126757438,0.476136,0.796136
127758440,0.474264,0.796136
128759924,0.473103,0.798685
129760440,0.494505,0.800228
130761561,0.49265,0.800228
131762509,0.500872,0.800228
132765183,0.503626,0.800228
133766418,0.496912,0.800228
134767481,0.500148,0.800228
135768600,0.499964,0.800228
136769440,0.502785,0.800228
137770470,0.50065,0.800228
138771684,0.49804,0.800228
139773044,0.49912,0.800228
140774541,0.485171,0.800228
141775618,0.498282,0.800228
142776577,0.490448,0.800228
143777440,0.496335,0.800228
144778650,0.502559,0.800228
145779440,0.501862,0.800228
146780475,0.500589,0.800228
147784125,0.495417,0.800228
148786561,0.500978,0.800228
149788491,0.502116,0.800228
150790448,0.495308,0.800228
151791595,0.499929,0.800228
152794648,0.49726,0.800228
153795658,0.490749,0.800228
154796489,0.49337,0.800228
155797461,0.49319,0.800228
156798576,0.5058,0.800228
157799440,0.505864,0.800228
158802028,0.497882,0.800228
159802444,0.500002,0.800228
160803750,0.491946,0.800228
161804501,0.499248,0.800228
162805574,0.501944,0.800228
163806511,0.49491,0.800228
164807611,0.491802,0.800228
165808440,0.497547,0.800228
166809440,0.493062,0.800228
167811255,0.486214,0.800228
168813538,0.503882,0.800228
169814440,0.502485,0.800228
170815549,0.500824,0.800228
171816440,0.503824,0.800228
172819134,0.517062,0.803649
173819901,0.51569,0.803649
174820805,0.513719,0.803783
175821513,0.516087,0.803783
176822440,0.515932,0.803783
177823472,0.518315,0.803918
178823440,0.51547,0.803918
179824440,0.513828,0.803918
180825440,0.516127,0.803918
181826570,0.525291,0.803918
182827547,0.52368,0.803918
183827440,0.526973,0.803918
184828506,0.524209,0.803918
185829440,0.520049,0.803918
186830440,0.522974,0.803918
187831440,0.514351,0.803918
188835131,0.517413,0.803918
189835630,0.516413,0.803918
190836442,0.51482,0.803918
191837506,0.513956,0.803918
192838506,0.513067,0.803918
193839475,0.520673,0.803918
194842056,0.511986,0.803918
195842566,0.526104,0.803918
196843440,0.524998,0.803918
197844713,0.522784,0.803918
198845489,0.521659,0.803918
199845574,0.519552,0.803918
200846440,0.507058,0.803918
201847676,0.510696,0.803918
202848524,0.515889,0.803918
203849460,0.515981,0.803918
204850440,0.519403,0.803918
205851476,0.525945,0.803918
206856052,0.519606,0.803918
207856740,0.521816,0.803918
208858873,0.522297,0.803918
209859955,0.519385,0.803918
210860697,0.523929,0.803918
211861301,0.519374,0.803918
212862440,0.516272,0.803918
213863569,0.513915,0.803918
214864440,0.506824,0.803918
215865691,0.517478,0.803918
216869095,0.517712,0.803918
217870440,0.529806,0.803918
218871440,0.520206,0.803918
219872440,0.524689,0.803918
220873811,0.519237,0.803918
221874597,0.52073,0.803918
222876458,0.520672,0.803918
223877440,0.518066,0.803918
224878475,0.517798,0.803918
225879447,0.517102,0.803918
226880440,0.516129,0.803918
227881505,0.514419,0.803918
228882444,0.518976,0.803918
229886376,0.522812,0.803918
230887442,0.522983,0.803918
231888506,0.518508,0.803918
232889645,0.519146,0.803918
233890440,0.521592,0.803918
234891841,0.512521,0.803918
235893213,0.518682,0.803918
236893639,0.517014,0.803918
237894873,0.51657,0.803918
238895742,0.513617,0.803918
239896846,0.519938,0.803918
240897615,0.51868,0.803918
241898440,0.518742,0.803918
242899440,0.519431,0.803918
243900475,0.517246,0.803918
244901440,0.52359,0.803918
245901440,0.522805,0.803918
246902440,0.517165,0.803918
247903595,0.515271,0.803918
248907387,0.512883,0.803918
249909263,0.5104,0.803918
250910748,0.515822,0.803918
251912497,0.520154,0.803918
252913489,0.51999,0.803918
253914677,0.517667,0.803918
254915417,0.515468,0.803918
255916440,0.51751,0.803918
256917726,0.51788,0.803918
257918475,0.521231,0.803918
258919712,0.518025,0.803918
259921578,0.516878,0.803918
260924988,0.517781,0.803918
261925434,0.508747,0.803918
262926457,0.51677,0.803918
263928440,0.52597,0.803918
264929440,0.5213,0.803918
265930718,0.523117,0.803918
266931440,0.521294,0.803918
267932486,0.517446,0.803918
268933492,0.51695,0.803918
269934537,0.517108,0.803918
270935440,0.519593,0.803918
271936443,0.514081,0.803918
272937475,0.512232,0.803918
273940440,0.511186,0.803918
274941819,0.516876,0.803918
275942440,0.519142,0.803918
276943440,0.520428,0.803918
277944440,0.52331,0.803918
278945610,0.521132,0.803918
279946440,0.516868,0.803918
280947630,0.517277,0.803918
281949163,0.502314,0.803918
282949440,0.513663,0.803918
283950905,0.516851,0.803918
284951440,0.514399,0.803918
285952900,0.521989,0.803918
286953440,0.527713,0.803918
287954440,0.522354,0.803918
288955440,0.516701,0.803918
289955990,0.519258,0.803918
290956440,0.528179,0.803918
291957440,0.520527,0.803918
292958440,0.52145,0.803918
293959440,0.515509,0.803918
294960440,0.511956,0.803918
295961494,0.512439,0.803918
296962440,0.523924,0.803918
297963475,0.527691,0.803918
298966460,0.523696,0.803918
299967444,0.523024,0.803918
300968550,0.517259,0.803918
301969540,0.516116,0.803918
302970444,0.518408,0.803918
303971650,0.522693,0.803918
304973028,0.519053,0.803918
305973448,0.51821,0.803918
306974721,0.515597,0.803918
307975440,0.516309,0.803918
308977547,0.510618,0.803918
309978513,0.522689,0.803918
310979440,0.520946,0.803918
311980995,0.519957,0.803918
312987712,0.525621,0.803918
313988509,0.519344,0.803918
314989442,0.515981,0.803918
315990623,0.513186,0.803918
316991886,0.517401,0.803918
317992528,0.515092,0.803918
318993445,0.517292,0.803918
319994440,0.526303,0.803918
320995440,0.526199,0.803918
321996702,0.516042,0.803918
322999039,0.521305,0.803918
324000513,0.52165,0.803918
325001440,0.519726,0.803918
326002475,0.516753,0.803918
327003479,0.518738,0.803918
328004823,0.518627,0.803918
329005525,0.508292,0.803918
330006762,0.516201,0.803918
331008766,0.522787,0.803918
332010631,0.521313,0.803918
333011440,0.526371,0.803918
334012440,0.521449,0.803918
335013440,0.522577,0.803918
336014505,0.517547,0.803918
337015575,0.517368,0.803918
338017338,0.520343,0.803918
339019924,0.517234,0.803918
340020454,0.520439,0.803918
341021716,0.516548,0.803918
342022440,0.518177,0.803918
343022547,0.51979,0.803918
344023925,0.523271,0.803918
345024567,0.517149,0.803918
346025505,0.519751,0.803918
347028027,0.521341,0.803918
348029203,0.518831,0.803918
349029505,0.509626,0.803918
350031191,0.517472,0.803918
351031603,0.513513,0.803918
352032797,0.519193,0.803918
353032846,0.52512,0.803918
354034233,0.52148,0.803918
355035132,0.526381,0.803918
356034503,0.516442,0.803918
357035681,0.519238,0.803918
358036440,0.520412,0.803918
359038112,0.517839,0.803918
360038440,0.515073,0.803918
361039904,0.516947,0.803918
362040440,0.510667,0.803918
363040625,0.520492,0.803918
364041440,0.526013,0.803918
365042908,0.515243,0.803918
366043475,0.51999,0.803918
367044883,0.51738,0.803918
368045440,0.522797,0.803918
369046583,0.511243,0.803918
370049444,0.518113,0.803918
371050440,0.519982,0.803918
372051544,0.513904,0.803918
373052440,0.513632,0.803918
374055192,0.522835,0.803918
375056347,0.522692,0.803918
376058768,0.514734,0.803918
377060975,0.523008,0.803918
378064138,0.516275,0.803918
379065519,0.521003,0.803918
380066440,0.519026,0.803918
381067440,0.515859,0.803918
382068443,0.514534,0.803918
383069440,0.509208,0.803918
384071191,0.515122,0.803918
385070440,0.526913,0.803918
386072406,0.52401,0.803918
387072567,0.520243,0.803918
388073892,0.51807,0.803918
389074547,0.518427,0.803918
390076506,0.517977,0.803918
391077505,0.520514,0.803918
392078440,0.518825,0.803918
393079858,0.515777,0.803918
394080851,0.512629,0.803918
395080573,0.522615,0.803918
396081513,0.522128,0.803918
397082440,0.519519,0.803918
398083443,0.521646,0.803918
399084440,0.522142,0.803918
400085564,0.522085,0.803918
401086475,0.516532,0.803918
402087620,0.516565,0.803918
403090291,0.50411,0.803918
404092013,0.517054,0.803918
405092440,0.517274,0.803918
406093440,0.521179,0.803918
407094536,0.521618,0.803918
408095475,0.518224,0.803918
409096567,0.520463,0.803918
410097688,0.51336,0.803918
411098612,0.523601,0.803918
412099440,0.517667,0.803918
413101289,0.519181,0.803918
414102672,0.516446,0.803918
415103440,0.517292,0.803918
416104440,0.515166,0.803918
417105487,0.524586,0.803918
418106440,0.522487,0.803918
419107440,0.52798,0.803918
420108470,0.518051,0.803918
421109440,0.520792,0.803918
422110506,0.518829,0.803918
423111576,0.514615,0.803918
424113496,0.517345,0.803918
425115614,0.51461,0.803918
426116535,0.513713,0.803918
427117485,0.518874,0.803918
428117440,0.529311,0.803918
429118492,0.521461,0.803918
430119440,0.511055,0.803918
431121517,0.521667,0.803918
432122546,0.52228,0.803918
433125376,0.51897,0.803918
434126440,0.517644,0.803918
435127635,0.518495,0.803918
436128440,0.515132,0.803918
437129440,0.512213,0.803918
438130440,0.528146,0.803918
439131483,0.528117,0.803918
440135891,0.521899,0.803918
441139146,0.523059,0.803918
442139926,0.518312,0.803918
443140802,0.512684,0.803918
444142088,0.51648,0.803918
445142440,0.5183,0.803918
446143866,0.519409,0.803918
447144586,0.52013,0.803918
448145650,0.518706,0.803918
449146440,0.52399,0.803918
450147461,0.516509,0.803918
451148646,0.521296,0.803918
452149601,0.521623,0.803918
453150475,0.521853,0.803918
454151892,0.521224,0.803918
455154866,0.521496,0.803918
456155699,0.51796,0.803918
457156973,0.508511,0.803918
458157440,0.518571,0.803918
459158509,0.521293,0.803918
460159440,0.520864,0.803918
461162850,0.519566,0.803918
462164475,0.521099,0.803918
463165813,0.516714,0.803918
464166444,0.516363,0.803918
465167451,0.513002,0.803918
466169333,0.514837,0.803918
467171068,0.51511,0.803918
468172636,0.519021,0.803918
469173832,0.516057,0.803918
470174949,0.518395,0.803918
471175440,0.521973,0.803918
472176646,0.52617,0.803918
473177440,0.519286,0.803918
474178506,0.520963,0.803918
475179440,0.5188,0.803918
476184041,0.524112,0.803918
477185738,0.50713,0.803918
478186791,0.517847,0.803918
479187685,0.518185,0.803918
480188886,0.524151,0.803918
481189507,0.523794,0.803918
482190859,0.518902,0.803918
483191569,0.518953,0.803918
484192506,0.515894,0.803918
485193506,0.526818,0.803918
486194440,0.517079,0.803918
487195440,0.523533,0.803918
488196440,0.522609,0.803918
489197476,0.516573,0.803918
490198627,0.518338,0.803918
491199440,0.524599,0.803918
492200537,0.519536,0.803918
493204579,0.517144,0.803918
494206211,0.521757,0.803918
495207728,0.524133,0.803918
496210092,0.519279,0.803918
497210440,0.512346,0.803918
498211440,0.518229,0.803918
499212440,0.521543,0.803918
500213440,0.517074,0.803918
501214475,0.526724,0.803918
502217249,0.517513,0.803918
503218861,0.521779,0.803918
504219636,0.510207,0.803918
505220448,0.522002,0.803918
506221563,0.518155,0.803918
507222440,0.518427,0.803918
508223475,0.514917,0.803918
509224452,0.514749,0.803918
510225440,0.509498,0.803918
511226509,0.51507,0.803918
512227475,0.528475,0.803918
513231476,0.519975,0.803918
514232463,0.521079,0.803918
515233536,0.522821,0.803918
516234505,0.520393,0.803918
517235441,0.511122,0.803918
518237985,0.513378,0.803918
519237474,0.515426,0.803918
520237517,0.521697,0.803918
521238578,0.51914,0.803918
522239440,0.525209,0.803918
523243066,0.521145,0.803918
524243716,0.513584,0.803918
525244519,0.517325,0.803918
526245440,0.522577,0.803918
527247719,0.517689,0.803918
528249580,0.521574,0.803918
529251762,0.516742,0.803918
530252633,0.515942,0.803918
531253505,0.50382,0.803918
532255220,0.523376,0.803918
533257440,0.516028,0.803918
534260276,0.520276,0.803918
535262262,0.523273,0.803918
536263793,0.525977,0.803918
537264440,0.516491,0.803918
538265811,0.516231,0.803918
539266475,0.520597,0.803918
540267822,0.519216,0.803918
541268631,0.515732,0.803918
542269518,0.518561,0.803918
543270605,0.526306,0.803918
544270448,0.51827,0.803918
545271720,0.516094,0.803918
546272440,0.52187,0.803918
547273440,0.521231,0.803918
548274506,0.518945,0.803918
549275666,0.518412,0.803918
550276440,0.518864,0.803918
551277478,0.504939,0.803918
552278440,0.518053,0.803918
553280735,0.526083,0.803918
554284500,0.522523,0.803918
555285870,0.52286,0.803918
556286576,0.522759,0.803918
557288531,0.52006,0.803918
558289809,0.514006,0.803918
559290519,0.519268,0.803918
560291579,0.516969,0.803918
561292502,0.517176,0.803918
562293443,0.513707,0.803918
563293618,0.527122,0.803918
564294582,0.52074,0.803918
565295440,0.521303,0.803918
566296464,0.522033,0.803918
567297471,0.521021,0.803918
568298440,0.517992,0.803918
569299795,0.51687,0.803918
570301872,0.516046,0.803918
571302794,0.51397,0.803918
572303440,0.51153,0.803918
573304586,0.524293,0.803918
574305440,0.526009,0.803918
575308135,0.521669,0.803918
576310182,0.522277,0.803918
577310440,0.523764,0.803918
578312406,0.51359,0.803918
579314002,0.521058,0.803918
580314440,0.517941,0.803918
581316851,0.515759,0.803918
582319246,0.513216,0.803918
583320813,0.522345,0.803918
584321517,0.523569,0.803918
585322440,0.519604,0.803918
586323448,0.521469,0.803918
587324440,0.520404,0.803918
588325613,0.523896,0.803918
589326062,0.513787,0.803918
590326537,0.51242,0.803918
591331664,0.511867,0.803918
592332467,0.51177,0.803918
593333444,0.51531,0.803918
594334492,0.526541,0.803918
595335553,0.521595,0.803918
596336667,0.522244,0.803918
597337650,0.522409,0.803918
598337457,0.516812,0.803918
599338579,0.515927,0.803918
600339440,0.515956,0.803918
601341749,0.514456,0.803918
602343070,0.51834,0.803918
603343587,0.51581,0.803918
604344448,0.522972,0.803918
605345640,0.517263,0.803918
606346548,0.52077,0.803918
607346484,0.519307,0.803918
608348278,0.518987,0.803918
609349484,0.519863,0.803918
610350457,0.513082,0.803918
611351061,0.512206,0.803918
612351471,0.516781,0.803918
613352476,0.514043,0.803918
614353443,0.517321,0.803918
615354440,0.519932,0.803918
616356173,0.525508,0.803918
617356877,0.52165,0.803918
618358148,0.512419,0.803918
619358479,0.518559,0.803918
620359825,0.518103,0.803918
621361051,0.518686,0.803918
622360695,0.515344,0.803918
623361695,0.520355,0.803918
624362440,0.520697,0.803918
625364990,0.516504,0.803918
626367466,0.517113,0.803918
627368506,0.521143,0.803918
628369517,0.5165,0.803918
629370440,0.521697,0.803918
630371440,0.518179,0.803918
631373598,0.517363,0.803918
632376386,0.504885,0.803918
633377440,0.513942,0.803918
634378440,0.513852,0.803918
635383151,0.523777,0.803918
636386329,0.521297,0.803918
637387682,0.525236,0.803918
638388834,0.518702,0.803918
639388513,0.52431,0.803918
640390123,0.518064,0.803918
641390445,0.518116,0.803918
642391898,0.514029,0.803918
643392440,0.517268,0.803918
644392440,0.519678,0.803918
645393572,0.517603,0.803918
646395078,0.525106,0.803918
647395440,0.523985,0.803918
648396686,0.517393,0.803918
649396443,0.523331,0.803918
650397705,0.515564,0.803918
651398440,0.516106,0.803918
652399669,0.509055,0.803918
653400440,0.521045,0.803918
654401440,0.514343,0.803918
655402611,0.528284,0.803918
656404644,0.523827,0.803918
657406165,0.523661,0.803918
658406440,0.521894,0.803918
659410045,0.518267,0.803918
660410470,0.518635,0.803918
661411471,0.516398,0.803918
662413726,0.518496,0.803918
663414660,0.517913,0.803918
664415670,0.51465,0.803918
665416641,0.518748,0.803918
666417444,0.523026,0.803918
667418602,0.527714,0.803918
668419453,0.524086,0.803918
669420456,0.522547,0.803918
670421440,0.516345,0.803918
671422440,0.522587,0.803918
672423444,0.512216,0.803918
673424544,0.518916,0.803918
674425440,0.514634,0.803918
675426440,0.520256,0.803918
676428487,0.524049,0.803918
677432382,0.525549,0.803918
678433858,0.519215,0.803918
679434459,0.51183,0.803918
680435584,0.522072,0.803918
681437394,0.51442,0.803918
682437691,0.521553,0.803918
683438646,0.517442,0.803918
684439776,0.514199,0.803918
685440964,0.510912,0.803918
686441538,0.520748,0.803918
687442554,0.522623,0.803918
688443726,0.52295,0.803918
689444564,0.520501,0.803918
690445495,0.521839,0.803918
691445467,0.521242,0.803918
692446551,0.508617,0.803918
693447440,0.513972,0.803918
694448440,0.512941,0.803918
695449440,0.518917,0.803918
696450440,0.528913,0.803918
697451440,0.521094,0.803918
698452630,0.517463,0.803918
699453535,0.508665,0.803918
700454440,0.521274,0.803918
701455589,0.514989,0.803918
702457403,0.516798,0.803918
703459017,0.516563,0.803918
704459505,0.518429,0.803918
705461075,0.508753,0.803918
706461460,0.521566,0.803918
707462836,0.521452,0.803918
708463460,0.521784,0.803918
709463990,0.523753,0.803918
710464505,0.527364,0.803918
711465440,0.518303,0.803918
712466894,0.511588,0.803918
713467440,0.518697,0.803918
714468506,0.517561,0.803918
715469440,0.514167,0.803918
716470440,0.523705,0.803918
717470445,0.525966,0.803918
718471836,0.522051,0.803918
719472918,0.51361,0.803918
720473476,0.520155,0.803918
721474600,0.519265,0.803918
722480217,0.513186,0.803918
723482440,0.520499,0.803918
724485273,0.520122,0.803918
725485705,0.507472,0.803918
726486477,0.518658,0.803918
727489786,0.520886,0.803918
728491128,0.524059,0.803918
729490944,0.519385,0.803918
730492682,0.522927,0.803918
731493483,0.520417,0.803918
732494517,0.512798,0.803918
733494440,0.513719,0.803918
734495688,0.516692,0.803918
735496440,0.51348,0.803918
736497600,0.522887,0.803918
737498505,0.523845,0.803918
738499440,0.522422,0.803918
739500440,0.515828,0.803918
740501636,0.518656,0.803918
741502506,0.517431,0.803918
742503492,0.518717,0.803918
743505646,0.518971,0.803918
744508594,0.521335,0.803918
745509440,0.518543,0.803918
746511356,0.515052,0.803918
747514496,0.52392,0.803918
748515897,0.523275,0.803918
749516564,0.522191,0.803918
750517496,0.523415,0.803918
751518440,0.519372,0.803918
752519769,0.519137,0.803918
753521096,0.516865,0.803918
754521657,0.516519,0.803918
755523060,0.514101,0.803918
756524179,0.521177,0.803918
757525483,0.522256,0.803918
758526440,0.518722,0.803918
759527572,0.513355,0.803918
760529646,0.517163,0.803918
761530440,0.522131,0.803918
762531760,0.521612,0.803918
763534051,0.514523,0.803918
764535608,0.51532,0.803918
765536506,0.518491,0.803918
766537443,0.511144,0.803918
767538440,0.524925,0.803918
768539451,0.524762,0.803918
769540440,0.524687,0.803918
770541809,0.522797,0.803918
771542440,0.524998,0.803918
772543440,0.519055,0.803918
773545170,0.511586,0.803918
774544470,0.521536,0.803918
775545490,0.517829,0.803918
776546470,0.519658,0.803918
777547470,0.52581,0.803918
778551128,0.522128,0.803918
779551568,0.517171,0.803918
780552831,0.52002,0.803918
781554018,0.521646,0.803918
782554440,0.51936,0.803918
783555569,0.525363,0.803918
784557623,0.517255,0.803918
785558645,0.516714,0.803918
786561823,0.511916,0.803918
787562471,0.526075,0.803918
788563482,0.52151,0.803918
789564472,0.526176,0.803918
790565553,0.522412,0.803918
791566470,0.520445,0.803918
792567486,0.521353,0.803918
793569276,0.507836,0.803918
794570775,0.515674,0.803918
795572088,0.516892,0.803918
796574151,0.518594,0.803918
797574506,0.5255,0.803918
798575440,0.525358,0.803918
799576536,0.51336,0.803918
800576440,0.512324,0.803918
801577440,0.521861,0.803918
802578440,0.516745,0.803918
803579719,0.519641,0.803918
804583211,0.516277,0.803918
805584460,0.514412,0.803918
806585551,0.510452,0.803918
807586440,0.523967,0.803918
808589861,0.52776,0.803918
809591440,0.521858,0.803918
810592440,0.520259,0.803918
811593587,0.520334,0.803918
812594492,0.523785,0.803918
813595569,0.510232,0.803918
814598226,0.51054,0.803918
815598643,0.523327,0.803918
816599584,0.516795,0.803918
817600494,0.521748,0.803918
818600776,0.525836,0.803918
819602227,0.521076,0.803918
820602540,0.509166,0.803918
821604012,0.521206,0.803918
822604440,0.523647,0.803918
823605782,0.517043,0.803918
824606454,0.523683,0.803918
825610992,0.511922,0.803918
826611772,0.517544,0.803918
827612677,0.517212,0.803918
828613535,0.522686,0.803918
829615382,0.523891,0.803918
830616463,0.52014,0.803918
831617440,0.519223,0.803918
832618475,0.522199,0.803918
833619602,0.514856,0.803918
834621019,0.515113,0.803918
835621611,0.517251,0.803918
836623321,0.52164,0.803918
837624922,0.519703,0.803918
838625673,0.526896,0.803918
839627655,0.520194,0.803918
840628883,0.51394,0.803918
841630001,0.523416,0.803918
842630440,0.523219,0.803918
843631440,0.515047,0.803918
844633273,0.520493,0.803918
845633540,0.516385,0.803918
846636207,0.516017,0.803918
847637616,0.507266,0.803918
848638518,0.528134,0.803918
849638595,0.521253,0.803918
850639440,0.523896,0.803918
851640649,0.5217,0.803918
852641440,0.521976,0.803918
853642838,0.514668,0.803918
854642440,0.51376,0.803918
855643570,0.517272,0.803918
856644450,0.519622,0.803918
857645440,0.511568,0.803918
858646554,0.529485,0.803918
859647493,0.522243,0.803918
860648754,0.518063,0.803918
861649440,0.517035,0.803918
862650440,0.520482,0.803918
863651440,0.517743,0.803918
864653440,0.518518,0.803918
865654523,0.516022,0.803918
866656945,0.513656,0.803918
867657500,0.505108,0.803918
868658561,0.520084,0.803918
869659529,0.52512,0.803918
870661000,0.521533,0.803918
871663440,0.523238,0.803918
872664513,0.522629,0.803918
873665440,0.52018,0.803918
874666440,0.514076,0.803918
875667763,0.52126,0.803918
876668440,0.52104,0.803918
877669440,0.518153,0.803918
878670440,0.528829,0.803918
879671440,0.523024,0.803918
880672476,0.515899,0.803918
881674589,0.514624,0.803918
882675572,0.519221,0.803918
883676487,0.519643,0.803918
884677440,0.514883,0.803918
885678444,0.518576,0.803918
886679440,0.516427,0.803918
887680440,0.507132,0.803918
888681467,0.521332,0.803918
889682469,0.524238,0.803918
890683540,0.522917,0.803918
891684516,0.524276,0.803918
892685532,0.524443,0.803918
893686529,0.51959,0.803918
894689748,0.507504,0.803918
895689682,0.525619,0.803918
896690832,0.518447,0.803918
897691534,0.517022,0.803918
898692856,0.518123,0.803918
899693440,0.52596,0.803918
900694590,0.516561,0.803918
901695440,0.519859,0.803918
902696511,0.516896,0.803918
903697642,0.522001,0.803918
904698505,0.516241,0.803918
905699475,0.517729,0.803918
906700440,0.517731,0.803918
907701440,0.51134,0.803918
908703126,0.517023,0.803918
909709138,0.524152,0.803918
910710104,0.527238,0.803918
911710969,0.521824,0.803918
912711996,0.519338,0.803918
913712564,0.52554,0.803918
914714036,0.510301,0.803918
915714440,0.52184,0.803918
916716047,0.51943,0.803918
917716850,0.520662,0.803918
918717325,0.51465,0.803918
919718514,0.525976,0.803918
920719440,0.522839,0.803918
921719440,0.515292,0.803918
922720494,0.517017,0.803918
923721573,0.519545,0.803918
924722440,0.515971,0.803918
925723569,0.516521,0.803918
926724501,0.512181,0.803918
927724475,0.513328,0.803918
928725440,0.51253,0.803918
929726440,0.522698,0.803918
930728080,0.524827,0.803918
931728512,0.520591,0.803918
932729451,0.521528,0.803918
933730522,0.523607,0.803918
934735301,0.508923,0.803918
935738665,0.516864,0.803918
936739670,0.51954,0.803918
937740440,0.514406,0.803918
938741681,0.515797,0.803918
939742440,0.523901,0.803918
940743440,0.52234,0.803918
941744603,0.513453,0.803918
942747263,0.520291,0.803918
943749426,0.51676,0.803918
944750443,0.517778,0.803918
945751440,0.515071,0.803918
946753661,0.519934,0.803918
947754883,0.51132,0.803918
948755569,0.511044,0.803918
949756593,0.523609,0.803918
950757510,0.523488,0.803918
951758505,0.519608,0.803918
952759440,0.524132,0.803918
953761620,0.52045,0.803918
954764551,0.515883,0.803918
955765698,0.515916,0.803918
956766939,0.517462,0.803918
957767954,0.515532,0.803918
958768440,0.517674,0.803918
959769517,0.521459,0.803918
960770558,0.523619,0.803918
961771637,0.515564,0.803918
962772666,0.521359,0.803918
963773602,0.527346,0.803918
964774529,0.519222,0.803918
965775440,0.518047,0.803918
966777035,0.516804,0.803918
967778684,0.517394,0.803918
968779440,0.505331,0.803918
969782821,0.520727,0.803918
970783440,0.524506,0.803918
971784440,0.521523,0.803918
972786231,0.525115,0.803918
973788531,0.519039,0.803918
974789590,0.51449,0.803918
975790580,0.513595,0.803918
976791441,0.51761,0.803918
977792478,0.525431,0.803918
978793440,0.514654,0.803918
979794626,0.519978,0.803918
980797421,0.52482,0.803918
981798993,0.517481,0.803918
982799475,0.515153,0.803918
983800506,0.519761,0.803918
984801440,0.51628,0.803918
985802440,0.520071,0.803918
986803697,0.51817,0.803918
987804440,0.520653,0.803918
988805506,0.50526,0.803918
989806440,0.523649,0.803918
990807440,0.523588,0.803918
991810324,0.523146,0.803918
992811440,0.519491,0.803918
993812402,0.521684,0.803918
994813440,0.51742,0.803918
995814467,0.514759,0.803918
996815601,0.517748,0.803918
997816440,0.517547,0.803918
998817440,0.514848,0.803918
999818505,0.521129,0.803918
1000820699,0.527646,0.803918
1001820440,0.520213,0.803918
1002822203,0.516011,0.803918
1003822520,0.520411,0.803918
1004825440,0.520523,0.803918
1005826440,0.518421,0.803918
1006827444,0.516253,0.803918
1007828544,0.518809,0.803918
1008829475,0.510757,0.803918
1009830446,0.519765,0.803918
1010833853,0.524133,0.803918
1011836694,0.524338,0.803918
1012838401,0.519546,0.803918
1013840211,0.520449,0.803918
1014841440,0.51963,0.803918
1015842347,0.509376,0.803918
1016843440,0.512605,0.803918
1017844440,0.515017,0.803918
1018845475,0.515108,0.803918
1019846607,0.525491,0.803918
1020847440,0.523258,0.803918
1021850955,0.516101,0.803918
1022851695,0.513947,0.803918
1023852699,0.519238,0.803918
1024854579,0.517175,0.803918
1025857056,0.513979,0.803918
1026857713,0.515369,0.803918
1027861382,0.509739,0.803918
1028863649,0.513089,0.803918
1029864711,0.517638,0.803918
1030865440,0.52643,0.803918
1031866440,0.522691,0.803918
1032867616,0.522259,0.803918
1033867691,0.521918,0.803918
1034868580,0.519093,0.803918
1035869498,0.512666,0.803918
1036870562,0.518896,0.803918
1037871440,0.518208,0.803918
1038872578,0.517528,0.803918
1039873548,0.520473,0.803918
1040874839,0.527276,0.803918
1041875547,0.518538,0.803918
1042876485,0.515723,0.803918
1043877440,0.523579,0.803918
1044878440,0.519507,0.803918
1045879998,0.518071,0.803918
1046881069,0.519067,0.803918
1047882807,0.520777,0.803918
1048883486,0.51541,0.803918
1049886810,0.514813,0.803918
1050887489,0.524989,0.803918
1051890219,0.520215,0.803918
1052890506,0.521539,0.803918
1053891753,0.521806,0.803918
1054892571,0.519948,0.803918
1055893853,0.515813,0.803918
1056894440,0.517141,0.803918
1057895933,0.517792,0.803918
1058896527,0.516386,0.803918
1059897440,0.518172,0.803918
1060898567,0.527493,0.803918
1061899440,0.526268,0.803918
1062900463,0.516115,0.803918
1063901743,0.521643,0.803918
1064902440,0.518327,0.803918
1065903440,0.51942,0.803918
1066905016,0.521445,0.803918
1067906655,0.518187,0.803918
1068907470,0.515675,0.803918
1069910004,0.511721,0.803918
1070910440,0.522566,0.803918
1071911440,0.519006,0.803918
1072912440,0.524253,0.803918
1073913445,0.522094,0.803918
1074914440,0.520286,0.803918
1075915815,0.518897,0.803918
1076917568,0.513185,0.803918
1077919601,0.516379,0.803918
1078920780,0.51594,0.803918
1079921581,0.516508,0.803918
1080921514,0.526183,0.803918
1081922848,0.522981,0.803918
1082924572,0.517016,0.803918
1083925730,0.520408,0.803918
1084926578,0.520823,0.803918
1085929074,0.520933,0.803918
1086929490,0.519084,0.803918
1087931002,0.521361,0.803918
1088931670,0.52008,0.803918
1089932962,0.509065,0.803918
1090933584,0.527702,0.803918
1091934806,0.522511,0.803918
1092935440,0.519599,0.803918
1093936791,0.523389,0.803918
1094937440,0.521437,0.803918
1095938851,0.512828,0.803918
1096939440,0.513655,0.803918
1097940053,0.517363,0.803918
1098941440,0.513441,0.803918
1099942517,0.521344,0.803918
1100943440,0.523494,0.803918
1101946124,0.515242,0.803918
1102946547,0.516391,0.803918
1103946440,0.518584,0.803918
1104947733,0.520376,0.803918
1105949753,0.517559,0.803918
1106950538,0.516406,0.803918
1107952359,0.518542,0.803918
1108953489,0.519579,0.803918
1109954793,0.509473,0.803918
1110956926,0.524866,0.803918
1111958973,0.520737,0.803918
1112959604,0.519808,0.803918
1113962368,0.52067,0.803918
1114962572,0.519465,0.803918
1115965257,0.509075,0.803918
1116965796,0.51156,0.803918
1117966993,0.517094,0.803918
1118967494,0.512404,0.803918
1119968771,0.518071,0.803918
1120969469,0.521739,0.803918
1121970448,0.522024,0.803918
1122970897,0.520093,0.803918
1123972954,0.515072,0.803918
1124973449,0.522239,0.803918
1125973749,0.520145,0.803918
1126974529,0.52537,0.803918
1127975443,0.520054,0.803918
1128976654,0.511451,0.803918
1129977440,0.509424,0.803918
1130978440,0.519229,0.803918
1131980488,0.528082,0.803918
1132982557,0.523313,0.803918
1133983821,0.521957,0.803918
1134984440,0.518773,0.803918
1135985484,0.514774,0.803918
1136986440,0.512474,0.803918
1137987440,0.519456,0.803918
1138988440,0.513572,0.803918
1139989440,0.521908,0.803918
1140990440,0.523911,0.803918
1141991449,0.523026,0.803918
1142992440,0.514687,0.803918
1143993511,0.51725,0.803918
1144994440,0.521462,0.803918
1145995748,0.518521,0.803918
1146998126,0.518214,0.803918
1147999262,0.515112,0.803918
1149000440,0.51447,0.803918
1150001440,0.512677,0.803918
1151002440,0.521469,0.803918
1152004125,0.520835,0.803918
1153004651,0.520747,0.803918
1154005834,0.525047,0.803918
1155006440,0.520527,0.803918
1156007476,0.522105,0.803918
1157009205,0.512997,0.803918
1158010931,0.51286,0.803918
1159011440,0.515739,0.803918
1160012636,0.522701,0.803918
1161013497,0.523461,0.803918
1162014841,0.518925,0.803918
1163016072,0.51923,0.803918
1164017440,0.512399,0.803918
1165018475,0.524155,0.803918
1166021874,0.518636,0.803918
1167022440,0.518514,0.803918
1168023444,0.519113,0.803918
1169024506,0.513095,0.803918
1170025506,0.518997,0.803918
1171027190,0.522315,0.803918
1172028056,0.523076,0.803918
1173028447,0.521613,0.803918
1174032093,0.519132,0.803918
1175032619,0.522239,0.803918
1176032999,0.521247,0.803918
1177034950,0.512231,0.803918
1178035440,0.518815,0.803918
1179036600,0.514806,0.803918
1180037561,0.523196,0.803918
1181038440,0.520435,0.803918
1182039453,0.520919,0.803918
1183040495,0.517985,0.803918
1184041507,0.511454,0.803918
1185042440,0.5224,0.803918
1186043687,0.518966,0.803918
1187045700,0.520121,0.803918
1188047612,0.517298,0.803918
1189048440,0.518308,0.803918
1190049440,0.517675,0.803918
1191050440,0.516138,0.803918
1192051440,0.519813,0.803918
1193052440,0.525639,0.803918
1194053581,0.524693,0.803918
1195054562,0.520336,0.803918
1196059666,0.519191,0.803918
1197062486,0.51293,0.803918
1198063440,0.515155,0.803918
1199064440,0.514974,0.803918
1200065489,0.519771,0.803918
1201066440,0.522856,0.803918
1202067610,0.521192,0.803918
1203068440,0.52236,0.803918
1204069464,0.516894,0.803918
1205070531,0.518287,0.803918
1206073028,0.517088,0.803918
1207073597,0.519653,0.803918
1208075202,0.518002,0.803918
1209075805,0.520118,0.803918
1210076987,0.520108,0.803918
1211078442,0.513454,0.803918
1212081006,0.52674,0.803918
1213082475,0.518084,0.803918
1214084117,0.520571,0.803918
1215084578,0.519244,0.803918
1216085772,0.521724,0.803918
1217086440,0.520968,0.803918
1218087448,0.517512,0.803918
1219088440,0.515766,0.803918
1220089440,0.526954,0.803918
1221091104,0.526535,0.803918
1222091796,0.524143,0.803918
1223092646,0.523578,0.803918
1224093514,0.519649,0.803918
1225094459,0.518209,0.803918
1226095657,0.516878,0.803918
1227097212,0.512008,0.803918
1228096440,0.52225,0.803918
1229097512,0.514264,0.803918
1230098476,0.516496,0.803918
1231100984,0.515887,0.803918
1232104760,0.522547,0.803918
1233106091,0.524271,0.803918
1234106650,0.520287,0.803918
1235108440,0.521388,0.803918
1236110031,0.515386,0.803918
1237109666,0.51616,0.803918
1238111050,0.511453,0.803918
1239112094,0.51441,0.803918
1240112978,0.519451,0.803918
1241113487,0.525859,0.803918
1242114677,0.520529,0.803918
1243115580,0.522947,0.803918
1244116581,0.519359,0.803918
1245117653,0.52112,0.803918
1246118648,0.520469,0.803918
1247119598,0.518523,0.803918
1248120641,0.51276,0.803918
1249121475,0.514726,0.803918
1250122513,0.521686,0.803918
1251124630,0.517036,0.803918
1252127160,0.516377,0.803918
1253128440,0.520205,0.803918
1254130560,0.522295,0.803918
1255131832,0.519282,0.803918
1256138579,0.520358,0.803918
1257139440,0.517528,0.803918
1258140448,0.515025,0.803918
1259141414,0.517834,0.803918
1260142547,0.519674,0.803918
1261143445,0.526013,0.803918
1262144559,0.522944,0.803918
1263146646,0.520525,0.803918
1264147919,0.517586,0.803918
1265148461,0.5178,0.803918
1266150211,0.517724,0.803918
1267150452,0.517694,0.803918
1268151485,0.518434,0.803918
1269152998,0.522237,0.803918
1270155476,0.513193,0.803918
1271160924,0.521128,0.803918
1272160828,0.519184,0.803918
1273162531,0.525036,0.803918
1274164227,0.524041,0.803918
1275165534,0.522571,0.803918
1276166440,0.517393,0.803918
1277167476,0.519272,0.803918
1278168565,0.506963,0.803918
1279169469,0.513135,0.803918
1280170550,0.517386,0.803918
1281171448,0.523555,0.803918
1282174093,0.52283,0.803918
1283175467,0.522845,0.803918
1284175636,0.523161,0.803918
1285176440,0.520021,0.803918
1286177440,0.519492,0.803918
1287178440,0.523851,0.803918
1288181318,0.522577,0.803918
1289182689,0.518613,0.803918
1290184373,0.515729,0.803918
1291185505,0.523487,0.803918
1292186440,0.516086,0.803918
1293187440,0.521163,0.803918
1294188711,0.515942,0.803918
1295189440,0.521547,0.803918
1296190440,0.520894,0.803918
1297191440,0.519545,0.803918
1298192450,0.509438,0.803918
1299193440,0.517017,0.803918
1300194630,0.5151,0.803918
1301197290,0.52724,0.803918
1302198553,0.519066,0.803918
1303199446,0.521515,0.803918
1304200440,0.519377,0.803918
1305201440,0.516667,0.803918
1306202440,0.51994,0.803918
1307203569,0.520969,0.803918
1308205593,0.51652,0.803918
1309207606,0.519448,0.803918
1310208608,0.516655,0.803918
1311209440,0.524366,0.803918
1312210612,0.513534,0.803918
1313211646,0.523669,0.803918
1314212440,0.521078,0.803918
1315213440,0.520344,0.803918
1316214440,0.517966,0.803918
1317215440,0.516529,0.803918
1318218854,0.513918,0.803918
1319219718,0.508495,0.803918
1320220440,0.513987,0.803918
1321221440,0.528819,0.803918
1322222529,0.521367,0.803918
1323222512,0.523785,0.803918
1324222561,0.525415,0.803918
1325224044,0.517632,0.803918
1326226009,0.518047,0.803918
1327226475,0.522219,0.803918
1328227475,0.516736,0.803918
1329229851,0.517094,0.803918
1330231488,0.513835,0.803918
1331233059,0.520619,0.803918
1332233649,0.514212,0.803918
1333234542,0.524368,0.803918
1334235591,0.524064,0.803918
1335236645,0.517722,0.803918
1336237686,0.522309,0.803918
1337238627,0.520169,0.803918
1338239792,0.509456,0.803918
1339240788,0.515086,0.803918
1340241575,0.516538,0.803918
1341242578,0.522777,0.803918
1342243469,0.525899,0.803918
1343246945,0.519972,0.803918
1344247936,0.521659,0.803918
1345248562,0.516951,0.803918
1346249516,0.51359,0.803918
1347250440,0.515755,0.803918
1348251440,0.522433,0.803918
1349252475,0.515335,0.803918
1350253475,0.518495,0.803918
1351255316,0.517077,0.803918
1352257547,0.520149,0.803918
1353260366,0.523564,0.803918
1354262194,0.519743,0.803918
1355262594,0.519012,0.803918
1356264560,0.518073,0.803918
1357265821,0.519337,0.803918
1358267378,0.518954,0.803918
1359268506,0.507987,0.803918
1360269440,0.513644,0.803918
1361270443,0.516062,0.803918
1362271440,0.523894,0.803918
1363274679,0.517469,0.803918
1364275440,0.524459,0.803918
1365276460,0.514629,0.803918
1366277597,0.513739,0.803918
1367279744,0.522082,0.803918
1368281000,0.517313,0.803918
1369283252,0.514578,0.803918
1370284440,0.516339,0.803918
1371286556,0.514176,0.803918
1372288426,0.519297,0.803918
1373290649,0.520607,0.803918
1374291483,0.524084,0.803918
1375292596,0.513882,0.803918
1376293538,0.523777,0.803918
1377294482,0.520701,0.803918
1378295469,0.51946,0.803918
1379296715,0.508598,0.803918
1380297628,0.514452,0.803918
1381301488,0.514829,0.803918
1382302440,0.525451,0.803918
1383303440,0.525013,0.803918
1384304534,0.525389,0.803918
1385310544,0.519904,0.803918
1386311771,0.518767,0.803918
1387313338,0.518848,0.803918
1388314440,0.515631,0.803918
1389315797,0.517517,0.803918
1390316440,0.518698,0.803918
1391317640,0.512664,0.803918
1392320499,0.523991,0.803918
1393321440,0.519068,0.803918
1394322440,0.521611,0.803918
1395323440,0.522233,0.803918
1396324946,0.524768,0.803918
1397325744,0.522784,0.803918
1398326691,0.516453,0.803918
1399327440,0.512994,0.803918
1400328440,0.514203,0.803918
1401329475,0.513159,0.803918
1402330567,0.523695,0.803918
1403330440,0.52437,0.803918
1404331440,0.525694,0.803918
1405332537,0.522465,0.803918
1406333778,0.518349,0.803918
1407334535,0.517953,0.803918
1408337841,0.51836,0.803918
1409338466,0.520746,0.803918
1410339444,0.512295,0.803918
1411340452,0.515673,0.803918
1412341521,0.520592,0.803918
1413342440,0.514041,0.803918
1414343694,0.516767,0.803918
1415344505,0.519578,0.803918
1416345450,0.522244,0.803918
1417346648,0.520897,0.803918
1418350413,0.518584,0.803918
1419351447,0.511124,0.803918
1420352440,0.510305,0.803918
1421353440,0.511783,0.803918
1422354444,0.517683,0.803918
1423355440,0.524771,0.803918
1424360098,0.522273,0.803918
1425360440,0.522598,0.803918
1426361468,0.514815,0.803918
1427362506,0.522401,0.803918
1428363440,0.519131,0.803918
1429365520,0.523476,0.803918
1430367041,0.520083,0.803918
1431367440,0.519037,0.803918
1432369270,0.518808,0.803918
1433370440,0.519145,0.803918
1434371883,0.518439,0.803918
1435372848,0.518868,0.803918
1436373578,0.518974,0.803918
1437374506,0.522602,0.803918
1438377445,0.519435,0.803918
1439378440,0.514141,0.803918
1440383335,0.509497,0.803918
1441384440,0.517205,0.803918
1442385440,0.520373,0.803918
1443386510,0.524161,0.803918
1444387440,0.516802,0.803918
1445388476,0.522566,0.803918
1446391384,0.518705,0.803918
1447392440,0.514316,0.803918
1448393511,0.518134,0.803918
1449394512,0.520701,0.803918
1450395476,0.514043,0.803918
1451396480,0.517747,0.803918
1452397518,0.514685,0.803918
1453398592,0.513599,0.803918
1454398489,0.522524,0.803918
1455399440,0.526291,0.803918
1456400440,0.520139,0.803918
1457401567,0.522312,0.803918
1458402440,0.518961,0.803918
1459405440,0.518378,0.803918
1460405719,0.509462,0.803918
1461406931,0.522969,0.803918
1462408440,0.517306,0.803918
1463410823,0.523614,0.803918
1464411440,0.525631,0.803918
1465414578,0.521899,0.803918
1466415457,0.51836,0.803918
1467415749,0.517255,0.803918
1468416693,0.524511,0.803918
1469418028,0.522058,0.803918
1470418538,0.517095,0.803918
1471419449,0.519598,0.803918
1472420715,0.514854,0.803918
1473421727,0.515722,0.803918
1474422505,0.523594,0.803918
1475422555,0.521929,0.803918
1476423633,0.522157,0.803918
1477424579,0.517923,0.803918
1478425701,0.51982,0.803918
1479426562,0.520646,0.803918
1480426440,0.514713,0.803918
1481427440,0.516905,0.803918
1482428574,0.518702,0.803918
1483430993,0.521388,0.803918
1484431440,0.525112,0.803918
1485434803,0.521854,0.803918
1486435662,0.523199,0.803918
1487436828,0.512736,0.803918
1488437541,0.521986,0.803918
1489438440,0.520744,0.803918
1490439455,0.51568,0.803918
1491440545,0.512855,0.803918
1492441505,0.515611,0.803918
1493442440,0.516732,0.803918
1494443440,0.52284,0.803918
1495446178,0.524547,0.803918
1496446440,0.522018,0.803918
1497447478,0.523722,0.803918
1498448440,0.522959,0.803918
1499449641,0.520454,0.803918
1500450440,0.513016,0.803918
1501451440,0.520611,0.803918
1502452561,0.515152,0.803918
1503453440,0.514003,0.803918
1504454440,0.52704,0.803918
1505455440,0.52074,0.803918
1506456440,0.521539,0.803918
1507458558,0.518958,0.803918
1508459618,0.521822,0.803918
1509461574,0.519337,0.803918
1510462440,0.514138,0.803918
1511463875,0.513347,0.803918
1512464440,0.518886,0.803918
1513465440,0.511364,0.803918
1514466440,0.52053,0.803918
1515467627,0.525212,0.803918
1516468440,0.52549,0.803918
1517471025,0.523162,0.803918
1518472834,0.52157,0.803918
1519473579,0.522458,0.803918
1520474440,0.515348,0.803918
1521477181,0.514249,0.803918
1522477498,0.510801,0.803918
1523478970,0.51232,0.803918
1524479440,0.527805,0.803918
1525481505,0.522914,0.803918
1526482682,0.522407,0.803918
1527483663,0.513385,0.803918
1528485521,0.520355,0.803918
1529486574,0.519184,0.803918
1530490011,0.517357,0.803918
1531490613,0.515963,0.803918
1532491272,0.511609,0.803918
1533492506,0.516423,0.803918
1534493440,0.514618,0.803918
1535494516,0.524299,0.803918
1536495440,0.517325,0.803918
1537496440,0.52093,0.803918
1538497505,0.522023,0.803918
1539498550,0.519013,0.803918
1540501704,0.516377,0.803918
1541502582,0.508556,0.803918
1542503605,0.517119,0.803918
1543503598,0.516568,0.803918
1544504586,0.521948,0.803918
1545505440,0.5258,0.803918
1546508656,0.523631,0.803918
1547511019,0.513552,0.803918
1548512426,0.517373,0.803918
1549513495,0.521839,0.803918
1550514440,0.519255,0.803918
1551515572,0.518342,0.803918
1552516506,0.520991,0.803918
1553517587,0.51899,0.803918
1554518440,0.515452,0.803918
1555519440,0.522964,0.803918
1556522566,0.522866,0.803918
1557523440,0.523453,0.803918
1558524440,0.520058,0.803918
1559525440,0.520894,0.803918
1560526505,0.518502,0.803918
1561527475,0.5099,0.803918
1562529327,0.517005,0.803918
1563530859,0.521145,0.803918
1564534575,0.51416,0.803918
1565535447,0.519728,0.803918
1566536539,0.521787,0.803918
1567538308,0.516138,0.803918
1568540364,0.515812,0.803918
1569541440,0.521769,0.803918
1570542548,0.518161,0.803918
1571543440,0.514649,0.803918
1572544440,0.51576,0.803918
1573546806,0.515841,0.803918
1574548881,0.506312,0.803918
1575549969,0.526417,0.803918
1576550786,0.527708,0.803918
1577551836,0.523147,0.803918
1578552555,0.51918,0.803918
1579553782,0.51791,0.803918
1580554440,0.52017,0.803918
1581555570,0.50232,0.803918
1582556440,0.515593,0.803918
1583557440,0.515155,0.803918
1584558493,0.514466,0.803918
1585559440,0.520745,0.803918
1586562571,0.521164,0.803918
1587563694,0.520204,0.803918
1588564440,0.516573,0.803918
1589565548,0.523899,0.803918
1590566842,0.519975,0.803918
1591567559,0.516244,0.803918
1592568475,0.520348,0.803918
1593569552,0.520257,0.803918
1594571353,0.50537,0.803918
1595573039,0.519812,0.803918
1596574475,0.524479,0.803918
1597574963,0.524629,0.803918
1598575624,0.522247,0.803918
1599576440,0.520494,0.803918
1600577440,0.518412,0.803918
1601580170,0.514946,0.803918
1602582449,0.515895,0.803918
1603583608,0.517184,0.803918
1604584465,0.516622,0.803918
1605585440,0.524871,0.803918
1606586440,0.52687,0.803918
1607587440,0.519372,0.803918
1608588524,0.509419,0.803918
1609589485,0.521957,0.803918
1610590440,0.520798,0.803918
1611591669,0.516466,0.803918
1612594640,0.515676,0.803918
1613595708,0.515777,0.803918
1614596440,0.513314,0.803918
1615597440,0.518183,0.803918
1616598493,0.524694,0.803918
1617599440,0.523249,0.803918
1618600440,0.522794,0.803918
1619601440,0.520348,0.803918
1620602476,0.519421,0.803918
1621603440,0.508114,0.803918
1622609569,0.513264,0.803918
1623610763,0.516643,0.803918
1624611831,0.522053,0.803918
1625613018,0.520184,0.803918
1626613567,0.526547,0.803918
1627614661,0.519476,0.803918
1628615440,0.515456,0.803918
1629616557,0.521542,0.803918
1630617505,0.520993,0.803918
1631618440,0.518644,0.803918
1632619457,0.519626,0.803918
1633620440,0.514496,0.803918
1634621475,0.515029,0.803918
1635622673,0.51512,0.803918
1636623440,0.526298,0.803918
1637626625,0.523885,0.803918
1638627440,0.523752,0.803918
1639630231,0.517335,0.803918
1640631865,0.519976,0.803918
1641633033,0.51197,0.803918
1642633506,0.514024,0.803918
1643635185,0.518139,0.803918
1644635481,0.511109,0.803918
1645637020,0.521469,0.803918
1646637509,0.525707,0.803918
1647639030,0.520118,0.803918
1648639460,0.516964,0.803918
1649640440,0.516372,0.803918
1650641510,0.518385,0.803918
1651642440,0.517998,0.803918
1652643443,0.517331,0.803918
1653644440,0.516175,0.803918
1654645560,0.517941,0.803918
1655646641,0.507776,0.803918
1656648714,0.522989,0.803918
1657651760,0.523962,0.803918
1658652440,0.522233,0.803918
1659654188,0.520076,0.803918
1660654440,0.518677,0.803918
1661655841,0.516675,0.803918
1662657049,0.509943,0.803918
1663657440,0.517793,0.803918
1664659240,0.515282,0.803918
1665660893,0.51697,0.803918
1666661512,0.522558,0.803918
1667662567,0.527633,0.803918
1668662733,0.518977,0.803918
1669663845,0.519887,0.803918
1670664513,0.523777,0.803918
1671665440,0.521394,0.803918
1672666583,0.519771,0.803918
1673668029,0.514403,0.803918
1674669523,0.515149,0.803918
1675669440,0.509183,0.803918
1676670440,0.522643,0.803918
1677671865,0.524476,0.803918
1678672545,0.522935,0.803918
1679674147,0.520898,0.803918
1680676681,0.51651,0.803918
1681676824,0.521638,0.803918
1682679953,0.507135,0.803918
1683681226,0.515887,0.803918
1684681590,0.51813,0.803918
1685684619,0.517572,0.803918
1686685984,0.523467,0.803918
1687686440,0.530367,0.803918
1688687440,0.52152,0.803918
1689688443,0.517402,0.803918
1690689440,0.523926,0.803918
1691690505,0.518405,0.803918
1692691748,0.519499,0.803918
1693693594,0.514003,0.803918
1694696142,0.517057,0.803918
1695696635,0.50618,0.803918
1696696520,0.51941,0.803918
1697697440,0.520136,0.803918
1698698483,0.527396,0.803918
1699699496,0.52386,0.803918
1700700440,0.519721,0.803918
1701701440,0.522544,0.803918
1702703778,0.511784,0.803918
1703705709,0.515263,0.803918
1704709615,0.518426,0.803918
1705712210,0.515556,0.803918
1706713440,0.523281,0.803918
1707714440,0.52762,0.803918
1708716191,0.524017,0.803918
1709718977,0.514436,0.803918
1710719910,0.521875,0.803918
1711720440,0.518645,0.803918
1712721606,0.518713,0.803918
1713722509,0.520192,0.803918
1714723462,0.516119,0.803918
1715724459,0.507791,0.803918
1716725440,0.517503,0.803918
1717726440,0.525452,0.803918
1718727740,0.526759,0.803918
1719728440,0.522441,0.803918
1720730167,0.521583,0.803918
1721730162,0.520592,0.803918
1722731719,0.512933,0.803918
1723731810,0.518245,0.803918
1724732440,0.517228,0.803918
1725733440,0.516563,0.803918
1726734440,0.514407,0.803918
1727735440,0.527576,0.803918
1728738229,0.52407,0.803918
1729738651,0.514517,0.803918
1730739953,0.519747,0.803918
1731740440,0.526195,0.803918
1732741579,0.518482,0.803918
1733742483,0.51634,0.803918
1734743489,0.514765,0.803918
1735744440,0.508887,0.803918
1736745561,0.510749,0.803918
1737746440,0.525476,0.803918
1738747440,0.52335,0.803918
1739748626,0.521448,0.803918
1740749505,0.520566,0.803918
1741750476,0.52368,0.803918
1742751743,0.51283,0.803918
1743755418,0.516832,0.803918
1744756975,0.512937,0.803918
1745758837,0.514859,0.803918
1746759445,0.511649,0.803918
1747761440,0.530647,0.803918
1748763144,0.525154,0.803918
1749766005,0.514014,0.803918
1750766655,0.515678,0.803918
1751767659,0.524581,0.803918
1752768696,0.522257,0.803918
1753769763,0.516944,0.803918
1754770602,0.514916,0.803918
1755771447,0.514852,0.803918
1756772440,0.507753,0.803918
1757773440,0.522174,0.803918
1758774533,0.519848,0.803918
1759775571,0.523563,0.803918
1760776536,0.52256,0.803918
1761777451,0.522366,0.803918
1762778506,0.515456,0.803918
1763779569,0.513913,0.803918
1764783998,0.514817,0.803918
1765784440,0.520017,0.803918
1766785475,0.514676,0.803918
1767786589,0.523848,0.803918
1768788641,0.527834,0.803918
1769791457,0.52124,0.803918
1770792475,0.521821,0.803918
1771793440,0.519551,0.803918
1772794440,0.521156,0.803918
1773795680,0.517227,0.803918
1774797586,0.516319,0.803918
1775798956,0.516108,0.803918
1776800440,0.50584,0.803918
1777801782,0.517144,0.803918
1778802450,0.522256,0.803918
1779803581,0.5265,0.803918
1780804440,0.521756,0.803918
1781805543,0.523912,0.803918
1782806440,0.521721,0.803918
1783809804,0.513929,0.803918
1784810540,0.518686,0.803918
1785811781,0.517549,0.803918
1786812589,0.515255,0.803918
1787813440,0.522347,0.803918
1788814898,0.526626,0.803918
1789815676,0.517892,0.803918
1790816440,0.521109,0.803918
1791817440,0.518579,0.803918
1792818446,0.518132,0.803918
1793819630,0.516331,0.803918
1794821746,0.514049,0.803918
1795822858,0.516656,0.803918
1796823440,0.510812,0.803918
1797824440,0.515393,0.803918
1798825440,0.531253,0.803918
1799828474,0.526964,0.803918
1800829885,0.520894,0.803918
1801830440,0.519633,0.803918
1802832117,0.52429,0.803918
1803833380,0.510888,0.803918
1804834454,0.518459,0.803918
1805835596,0.521703,0.803918
1806836450,0.517372,0.803918
1807837519,0.515456,0.803918
1808838487,0.529952,0.803918
1809839520,0.519488,0.803918
1810842510,0.517069,0.803918
1811843440,0.523829,0.803918
1812844550,0.526539,0.803918
1813845440,0.517933,0.803918
1814846440,0.520207,0.803918
1815847440,0.518507,0.803918
1816848618,0.513942,0.803918
1817849440,0.516322,0.803918
1818850771,0.52241,0.803918
1819851440,0.526011,0.803918
1820857048,0.521411,0.803918
1821858448,0.521636,0.803918
1822859788,0.521082,0.803918
1823860440,0.513527,0.803918
1824861814,0.522742,0.803918
1825862440,0.517428,0.803918
1826863935,0.517695,0.803918
1827864458,0.515367,0.803918
1828865524,0.52156,0.803918
1829866529,0.522283,0.803918
1830867558,0.51833,0.803918
1831868440,0.526657,0.803918
1832869440,0.519139,0.803918
1833870606,0.520987,0.803918
1834873115,0.518342,0.803918
1835874440,0.515877,0.803918
1836875658,0.506383,0.803918
1837876505,0.511654,0.803918
1838877482,0.516221,0.803918
1839878608,0.522124,0.803918
1840880182,0.52247,0.803918
1841881771,0.524286,0.803918
1842882476,0.517307,0.803918
1843883753,0.515756,0.803918
1844886190,0.511783,0.803918
1845886937,0.518681,0.803918
1846888279,0.52018,0.803918
1847889440,0.513702,0.803918
1848890440,0.517052,0.803918
1849891440,0.527712,0.803918
1850894130,0.516381,0.803918
1851894897,0.520871,0.803918
1852895704,0.522312,0.803918
1853896057,0.523055,0.803918
1854898204,0.51991,0.803918
1855898440,0.514478,0.803918
1856899670,0.512326,0.803918
1857900440,0.514284,0.803918
1858901505,0.519261,0.803918
1859902440,0.526793,0.803918
1860902597,0.525122,0.803918
1861904708,0.524312,0.803918
1862906852,0.520237,0.803918
1863909616,0.51659,0.803918
1864910440,0.515539,0.803918
1865911440,0.518627,0.803918
1866913698,0.512039,0.803918
1867914882,0.50773,0.803918
1868915884,0.515566,0.803918
1869916506,0.516918,0.803918
1870917540,0.514787,0.803918
1871919210,0.520897,0.803918
1872920440,0.521824,0.803918
1873921522,0.524902,0.803918
1874922440,0.519079,0.803918
1875923753,0.51933,0.803918
1876926077,0.511571,0.803918
1877929830,0.509368,0.803918
1878931690,0.509219,0.803918
1879933436,0.509606,0.803918
1880934599,0.518015,0.803918
1881935440,0.512424,0.803918
1882936440,0.515942,0.803918
1883937440,0.514189,0.803918
1884938440,0.513005,0.803918
1885939440,0.517915,0.803918
1886939618,0.504176,0.803918
1887940567,0.502049,0.803918
1888941440,0.502776,0.803918
1889942813,0.501834,0.803918
1890943495,0.504883,0.803918
1891944496,0.507523,0.803918
1892946636,0.508647,0.803918
1893948165,0.502669,0.803918
1894949440,0.505192,0.803918
1895950482,0.504634,0.803918
1896951758,0.503043,0.803918
1897952470,0.490714,0.803918
1898953487,0.502093,0.803918
1899954472,0.496791,0.803918
1900957364,0.510163,0.803918
1901958475,0.509095,0.803918
1902959454,0.507242,0.803918
1903960440,0.503642,0.803918
1904961475,0.500428,0.803918
1905962506,0.505584,0.803918
1906963475,0.503173,0.803918
1907965582,0.501703,0.803918
1908966852,0.500822,0.803918
1909967869,0.500396,0.803918
1910968440,0.501819,0.803918
1911969546,0.506531,0.803918
1912970639,0.506183,0.803918
1913971440,0.509029,0.803918
1914972451,0.505438,0.803918
1915973642,0.504967,0.803918
1916974440,0.503756,0.803918
1917975440,0.499498,0.803918
1918976440,0.502767,0.803918
1919977505,0.502392,0.803918
1920978448,0.508461,0.803918
1921983134,0.508874,0.803918
1922984283,0.505175,0.803918
1923984752,0.508803,0.803918
1924985553,0.497175,0.803918
1925986570,0.507828,0.803918
1926990295,0.504807,0.803918
1927991440,0.502537,0.803918
1928992448,0.500593,0.803918
1929993440,0.507052,0.803918
1930994506,0.499187,0.803918
1931996671,0.50602,0.803918
1932998011,0.508645,0.803918
1933998445,0.507013,0.803918
1934999443,0.503696,0.803918
1936000440,0.509356,0.803918
1937001448,0.501864,0.803918
1938002440,0.498487,0.803918
1939003704,0.500576,0.803918
1940004557,0.50339,0.803918
1941005440,0.501736,0.803918
1942006925,0.510029,0.803918
1943010063,0.505788,0.803918
1944010510,0.509568,0.803918
1945011440,0.500996,0.803918
1946012440,0.50484,0.803918
1947013483,0.509495,0.803918
1948014450,0.503199,0.803918
1949015440,0.501781,0.803918
1950016440,0.505269,0.803918
1951017670,0.496179,0.803918
1952020536,0.497109,0.803918
1953021556,0.509392,0.803918
1954022440,0.505791,0.803918
1955023440,0.503745,0.803918
1956024440,0.505123,0.803918
1957025592,0.503192,0.803918
1958026440,0.500548,0.803918
1959027569,0.501065,0.803918
1960030814,0.50224,0.803918
1961031611,0.502544,0.803918
1962032598,0.503405,0.803918
1963033440,0.512443,0.803918
1964034555,0.508677,0.803918
1965035440,0.502826,0.803918
1966036440,0.5018,0.803918
1967037505,0.508798,0.803918
1968038440,0.504913,0.803918
1969039577,0.502215,0.803918
1970040506,0.502603,0.803918
1971041440,0.502915,0.803918
1972042599,0.496093,0.803918
1973045008,0.509011,0.803918
1974046261,0.505829,0.803918
1975047440,0.505592,0.803918
1976048505,0.504239,0.803918
1977049547,0.507139,0.803918
1978050515,0.50458,0.803918
1979051709,0.493658,0.803918
1980052831,0.504822,0.803918
1981052440,0.502356,0.803918
1982054075,0.504025,0.803918
1983056727,0.509776,0.803918
1984059810,0.5106,0.803918
1985060440,0.504198,0.803918
1986062111,0.503764,0.803918
1987062564,0.508047,0.803918
1988064506,0.502893,0.803918
1989066369,0.506682,0.803918
1990067440,0.504192,0.803918
1991068440,0.502481,0.803918
1992069686,0.493963,0.803918
1993070654,0.511831,0.803918
1994070482,0.510718,0.803918
1995071481,0.5096,0.803918
1996072449,0.505435,0.803918
1997073874,0.506754,0.803918
1998074440,0.505709,0.803918
1999075475,0.494524,0.803918
2000080014,0.503354,0.803918
2001082583,0.5009,0.803918
2002083789,0.501012,0.803918
2003086270,0.509275,0.803918
2004089444,0.508011,0.803918
2005091002,0.506806,0.803918
2006091448,0.503073,0.803918
2007092512,0.507638,0.803918
2008093440,0.50187,0.803918
2009094444,0.504528,0.803918
2010095440,0.502909,0.803918
2011096532,0.503498,0.803918
2012097676,0.497939,0.803918
2013098440,0.504755,0.803918
2014101003,0.509064,0.803918
2015102440,0.507206,0.803918
2016103440,0.510116,0.803918
2017106216,0.505796,0.803918
2018106440,0.506221,0.803918
2019107704,0.500366,0.803918
2020109607,0.502296,0.803918
2021111216,0.505394,0.803918
2022111440,0.501986,0.803918
2023112724,0.507459,0.803918
2024113505,0.514959,0.803918
2025115027,0.506988,0.803918
2026115440,0.49975,0.803918
2027116545,0.507578,0.803918
2028117440,0.507584,0.803918
2029118518,0.500326,0.803918
2030119454,0.502012,0.803918
2031120569,0.499766,0.803918
2032121628,0.501594,0.803918
2033125384,0.500495,0.803918
2034125475,0.508879,0.803918
2035127218,0.506697,0.803918
2036128440,0.508341,0.803918
2037129485,0.504894,0.803918
2038130440,0.505867,0.803918
2039131568,0.502744,0.803918
2040135066,0.501889,0.803918
2041135813,0.501973,0.803918
2042136548,0.502482,0.803918
2043137440,0.499056,0.803918
2044138515,0.509196,0.803918
2045139586,0.50981,0.803918
2046140576,0.5018,0.803918
2047141810,0.506884,0.803918
2048142440,0.510277,0.803918
2049143467,0.503133,0.803918
2050145016,0.501993,0.803918
2051145771,0.500084,0.803918
2052148440,0.499098,0.803918
2053149520,0.492809,0.803918
2054150892,0.510129,0.803918
2055151440,0.505038,0.803918
2056152747,0.509234,0.803918
2057153440,0.504179,0.803918
2058154475,0.507393,0.803918
2059155792,0.501436,0.803918
2060159691,0.498717,0.803918
2061160535,0.500526,0.803918
2062161755,0.501296,0.803918
2063164909,0.502539,0.803918
2064165547,0.507271,0.803918
2065166842,0.506885,0.803918
2066167454,0.504104,0.803918
2067168578,0.501692,0.803918
2068169450,0.505219,0.803918
2069170440,0.502574,0.803918
2070171440,0.499264,0.803918
2071172577,0.504265,0.803918
2072173700,0.501533,0.803918
2073174442,0.49417,0.803918
2074175440,0.508705,0.803918
2075178153,0.508027,0.803918
2076178440,0.506697,0.803918
2077179692,0.510406,0.803918
2078180440,0.508969,0.803918
2079183981,0.503372,0.803918
2080185422,0.499853,0.803918
2081186858,0.503314,0.803918
2082187440,0.5008,0.803918
2083189059,0.5027,0.803918
2084189460,0.511225,0.803918
2085190440,0.506009,0.803918
2086191576,0.503574,0.803918
2087192489,0.498393,0.803918
2088193631,0.495949,0.803918
2089194528,0.478929,0.803918
2090195494,0.462088,0.803918
2091196440,0.448544,0.803918
